"","Murder","Assault","UrbanPop","Rape"
"1",18.9704653061224,6945.16571428571,209.518775510204,87.7291591836735
